{
	"textures": [
		{
			"image": "Soldado",
			"format": "RGBA8888",
			"size": {
				"w": 241,
				"h": 1530
			},
			"scale": 1,
			"frames": [
				{
					"filename": "curar12",
					"rotated": false,
					"trimmed": true,
					"sourceSize": {
						"w": 128,
						"h": 128
					},
					"spriteSourceSize": {
						"x": 0,
						"y": 0,
						"w": 84,
						"h": 128
					},
					"frame": {
						"x": 0,
						"y": 0,
						"w": 84,
						"h": 128
					}
				},
				{
					"filename": "curar13",
					"rotated": false,
					"trimmed": true,
					"sourceSize": {
						"w": 128,
						"h": 128
					},
					"spriteSourceSize": {
						"x": 0,
						"y": 0,
						"w": 84,
						"h": 128
					},
					"frame": {
						"x": 0,
						"y": 128,
						"w": 84,
						"h": 128
					}
				},
				{
					"filename": "curar14",
					"rotated": false,
					"trimmed": true,
					"sourceSize": {
						"w": 128,
						"h": 128
					},
					"spriteSourceSize": {
						"x": 2,
						"y": 0,
						"w": 82,
						"h": 128
					},
					"frame": {
						"x": 0,
						"y": 256,
						"w": 82,
						"h": 128
					}
				},
				{
					"filename": "curar15",
					"rotated": false,
					"trimmed": true,
					"sourceSize": {
						"w": 128,
						"h": 128
					},
					"spriteSourceSize": {
						"x": 2,
						"y": 0,
						"w": 82,
						"h": 128
					},
					"frame": {
						"x": 0,
						"y": 384,
						"w": 82,
						"h": 128
					}
				},
				{
					"filename": "curar16",
					"rotated": false,
					"trimmed": true,
					"sourceSize": {
						"w": 128,
						"h": 128
					},
					"spriteSourceSize": {
						"x": 2,
						"y": 0,
						"w": 82,
						"h": 128
					},
					"frame": {
						"x": 0,
						"y": 512,
						"w": 82,
						"h": 128
					}
				},
				{
					"filename": "curar11",
					"rotated": false,
					"trimmed": true,
					"sourceSize": {
						"w": 128,
						"h": 128
					},
					"spriteSourceSize": {
						"x": 2,
						"y": 2,
						"w": 82,
						"h": 126
					},
					"frame": {
						"x": 0,
						"y": 640,
						"w": 82,
						"h": 126
					}
				},
				{
					"filename": "curar10",
					"rotated": false,
					"trimmed": true,
					"sourceSize": {
						"w": 128,
						"h": 128
					},
					"spriteSourceSize": {
						"x": 0,
						"y": 5,
						"w": 84,
						"h": 123
					},
					"frame": {
						"x": 0,
						"y": 766,
						"w": 84,
						"h": 123
					}
				},
				{
					"filename": "curar9",
					"rotated": false,
					"trimmed": true,
					"sourceSize": {
						"w": 128,
						"h": 128
					},
					"spriteSourceSize": {
						"x": 1,
						"y": 14,
						"w": 83,
						"h": 114
					},
					"frame": {
						"x": 82,
						"y": 256,
						"w": 83,
						"h": 114
					}
				},
				{
					"filename": "curar8",
					"rotated": false,
					"trimmed": true,
					"sourceSize": {
						"w": 128,
						"h": 128
					},
					"spriteSourceSize": {
						"x": 3,
						"y": 15,
						"w": 97,
						"h": 113
					},
					"frame": {
						"x": 84,
						"y": 0,
						"w": 97,
						"h": 113
					}
				},
				{
					"filename": "curar7",
					"rotated": false,
					"trimmed": true,
					"sourceSize": {
						"w": 128,
						"h": 128
					},
					"spriteSourceSize": {
						"x": 14,
						"y": 18,
						"w": 82,
						"h": 110
					},
					"frame": {
						"x": 84,
						"y": 113,
						"w": 82,
						"h": 110
					}
				},
				{
					"filename": "muerte4",
					"rotated": false,
					"trimmed": true,
					"sourceSize": {
						"w": 128,
						"h": 128
					},
					"spriteSourceSize": {
						"x": 0,
						"y": 109,
						"w": 77,
						"h": 19
					},
					"frame": {
						"x": 84,
						"y": 223,
						"w": 77,
						"h": 19
					}
				},
				{
					"filename": "curar6",
					"rotated": false,
					"trimmed": true,
					"sourceSize": {
						"w": 128,
						"h": 128
					},
					"spriteSourceSize": {
						"x": 20,
						"y": 20,
						"w": 76,
						"h": 108
					},
					"frame": {
						"x": 82,
						"y": 370,
						"w": 76,
						"h": 108
					}
				},
				{
					"filename": "curar5",
					"rotated": false,
					"trimmed": true,
					"sourceSize": {
						"w": 128,
						"h": 128
					},
					"spriteSourceSize": {
						"x": 28,
						"y": 28,
						"w": 61,
						"h": 100
					},
					"frame": {
						"x": 82,
						"y": 478,
						"w": 61,
						"h": 100
					}
				},
				{
					"filename": "recargar4",
					"rotated": false,
					"trimmed": true,
					"sourceSize": {
						"w": 128,
						"h": 128
					},
					"spriteSourceSize": {
						"x": 53,
						"y": 50,
						"w": 35,
						"h": 78
					},
					"frame": {
						"x": 82,
						"y": 578,
						"w": 35,
						"h": 78
					}
				},
				{
					"filename": "recargar2",
					"rotated": false,
					"trimmed": true,
					"sourceSize": {
						"w": 128,
						"h": 128
					},
					"spriteSourceSize": {
						"x": 53,
						"y": 50,
						"w": 25,
						"h": 78
					},
					"frame": {
						"x": 82,
						"y": 656,
						"w": 25,
						"h": 78
					}
				},
				{
					"filename": "recargar3",
					"rotated": false,
					"trimmed": true,
					"sourceSize": {
						"w": 128,
						"h": 128
					},
					"spriteSourceSize": {
						"x": 53,
						"y": 50,
						"w": 25,
						"h": 78
					},
					"frame": {
						"x": 0,
						"y": 889,
						"w": 25,
						"h": 78
					}
				},
				{
					"filename": "recargar7",
					"rotated": false,
					"trimmed": true,
					"sourceSize": {
						"w": 128,
						"h": 128
					},
					"spriteSourceSize": {
						"x": 53,
						"y": 50,
						"w": 25,
						"h": 78
					},
					"frame": {
						"x": 0,
						"y": 967,
						"w": 25,
						"h": 78
					}
				},
				{
					"filename": "recargar5",
					"rotated": false,
					"trimmed": true,
					"sourceSize": {
						"w": 128,
						"h": 128
					},
					"spriteSourceSize": {
						"x": 53,
						"y": 50,
						"w": 23,
						"h": 78
					},
					"frame": {
						"x": 0,
						"y": 1045,
						"w": 23,
						"h": 78
					}
				},
				{
					"filename": "recargar6",
					"rotated": false,
					"trimmed": true,
					"sourceSize": {
						"w": 128,
						"h": 128
					},
					"spriteSourceSize": {
						"x": 53,
						"y": 50,
						"w": 23,
						"h": 78
					},
					"frame": {
						"x": 0,
						"y": 1123,
						"w": 23,
						"h": 78
					}
				},
				{
					"filename": "curar4",
					"rotated": false,
					"trimmed": true,
					"sourceSize": {
						"w": 128,
						"h": 128
					},
					"spriteSourceSize": {
						"x": 38,
						"y": 58,
						"w": 46,
						"h": 70
					},
					"frame": {
						"x": 0,
						"y": 1201,
						"w": 46,
						"h": 70
					}
				},
				{
					"filename": "muerte2",
					"rotated": false,
					"trimmed": true,
					"sourceSize": {
						"w": 128,
						"h": 128
					},
					"spriteSourceSize": {
						"x": 36,
						"y": 60,
						"w": 44,
						"h": 68
					},
					"frame": {
						"x": 23,
						"y": 1045,
						"w": 44,
						"h": 68
					}
				},
				{
					"filename": "atack1",
					"rotated": false,
					"trimmed": true,
					"sourceSize": {
						"w": 128,
						"h": 128
					},
					"spriteSourceSize": {
						"x": 41,
						"y": 62,
						"w": 43,
						"h": 66
					},
					"frame": {
						"x": 23,
						"y": 1113,
						"w": 43,
						"h": 66
					}
				},
				{
					"filename": "caminar4",
					"rotated": false,
					"trimmed": true,
					"sourceSize": {
						"w": 128,
						"h": 128
					},
					"spriteSourceSize": {
						"x": 48,
						"y": 62,
						"w": 29,
						"h": 66
					},
					"frame": {
						"x": 25,
						"y": 889,
						"w": 29,
						"h": 66
					}
				},
				{
					"filename": "caminar1",
					"rotated": false,
					"trimmed": true,
					"sourceSize": {
						"w": 128,
						"h": 128
					},
					"spriteSourceSize": {
						"x": 52,
						"y": 62,
						"w": 27,
						"h": 66
					},
					"frame": {
						"x": 25,
						"y": 955,
						"w": 27,
						"h": 66
					}
				},
				{
					"filename": "caminar5",
					"rotated": false,
					"trimmed": true,
					"sourceSize": {
						"w": 128,
						"h": 128
					},
					"spriteSourceSize": {
						"x": 53,
						"y": 62,
						"w": 25,
						"h": 66
					},
					"frame": {
						"x": 52,
						"y": 955,
						"w": 25,
						"h": 66
					}
				},
				{
					"filename": "caminar8",
					"rotated": false,
					"trimmed": true,
					"sourceSize": {
						"w": 128,
						"h": 128
					},
					"spriteSourceSize": {
						"x": 49,
						"y": 63,
						"w": 30,
						"h": 65
					},
					"frame": {
						"x": 54,
						"y": 889,
						"w": 30,
						"h": 65
					}
				},
				{
					"filename": "caminar3",
					"rotated": false,
					"trimmed": true,
					"sourceSize": {
						"w": 128,
						"h": 128
					},
					"spriteSourceSize": {
						"x": 50,
						"y": 63,
						"w": 28,
						"h": 65
					},
					"frame": {
						"x": 0,
						"y": 1271,
						"w": 28,
						"h": 65
					}
				},
				{
					"filename": "caminar6",
					"rotated": false,
					"trimmed": true,
					"sourceSize": {
						"w": 128,
						"h": 128
					},
					"spriteSourceSize": {
						"x": 52,
						"y": 63,
						"w": 27,
						"h": 65
					},
					"frame": {
						"x": 0,
						"y": 1336,
						"w": 27,
						"h": 65
					}
				},
				{
					"filename": "caminar2",
					"rotated": false,
					"trimmed": true,
					"sourceSize": {
						"w": 128,
						"h": 128
					},
					"spriteSourceSize": {
						"x": 53,
						"y": 63,
						"w": 25,
						"h": 65
					},
					"frame": {
						"x": 0,
						"y": 1401,
						"w": 25,
						"h": 65
					}
				},
				{
					"filename": "atack2",
					"rotated": false,
					"trimmed": true,
					"sourceSize": {
						"w": 128,
						"h": 128
					},
					"spriteSourceSize": {
						"x": 39,
						"y": 64,
						"w": 54,
						"h": 64
					},
					"frame": {
						"x": 0,
						"y": 1466,
						"w": 54,
						"h": 64
					}
				},
				{
					"filename": "atack3",
					"rotated": false,
					"trimmed": true,
					"sourceSize": {
						"w": 128,
						"h": 128
					},
					"spriteSourceSize": {
						"x": 39,
						"y": 64,
						"w": 48,
						"h": 64
					},
					"frame": {
						"x": 25,
						"y": 1401,
						"w": 48,
						"h": 64
					}
				},
				{
					"filename": "recargar1",
					"rotated": false,
					"trimmed": true,
					"sourceSize": {
						"w": 128,
						"h": 128
					},
					"spriteSourceSize": {
						"x": 53,
						"y": 64,
						"w": 38,
						"h": 64
					},
					"frame": {
						"x": 27,
						"y": 1336,
						"w": 38,
						"h": 64
					}
				},
				{
					"filename": "caminar7",
					"rotated": false,
					"trimmed": true,
					"sourceSize": {
						"w": 128,
						"h": 128
					},
					"spriteSourceSize": {
						"x": 47,
						"y": 64,
						"w": 33,
						"h": 64
					},
					"frame": {
						"x": 65,
						"y": 1336,
						"w": 33,
						"h": 64
					}
				},
				{
					"filename": "inactivo4",
					"rotated": false,
					"trimmed": true,
					"sourceSize": {
						"w": 128,
						"h": 128
					},
					"spriteSourceSize": {
						"x": 43,
						"y": 65,
						"w": 47,
						"h": 63
					},
					"frame": {
						"x": 28,
						"y": 1271,
						"w": 47,
						"h": 63
					}
				},
				{
					"filename": "inactivo5",
					"rotated": false,
					"trimmed": true,
					"sourceSize": {
						"w": 128,
						"h": 128
					},
					"spriteSourceSize": {
						"x": 43,
						"y": 65,
						"w": 47,
						"h": 63
					},
					"frame": {
						"x": 46,
						"y": 1179,
						"w": 47,
						"h": 63
					}
				},
				{
					"filename": "muerte1",
					"rotated": false,
					"trimmed": true,
					"sourceSize": {
						"w": 128,
						"h": 128
					},
					"spriteSourceSize": {
						"x": 39,
						"y": 65,
						"w": 42,
						"h": 63
					},
					"frame": {
						"x": 66,
						"y": 1113,
						"w": 42,
						"h": 63
					}
				},
				{
					"filename": "disparar4",
					"rotated": false,
					"trimmed": true,
					"sourceSize": {
						"w": 128,
						"h": 128
					},
					"spriteSourceSize": {
						"x": 44,
						"y": 66,
						"w": 65,
						"h": 62
					},
					"frame": {
						"x": 75,
						"y": 1021,
						"w": 65,
						"h": 62
					}
				},
				{
					"filename": "disparar3",
					"rotated": false,
					"trimmed": true,
					"sourceSize": {
						"w": 128,
						"h": 128
					},
					"spriteSourceSize": {
						"x": 44,
						"y": 66,
						"w": 63,
						"h": 62
					},
					"frame": {
						"x": 77,
						"y": 954,
						"w": 63,
						"h": 62
					}
				},
				{
					"filename": "disparar2",
					"rotated": false,
					"trimmed": true,
					"sourceSize": {
						"w": 128,
						"h": 128
					},
					"spriteSourceSize": {
						"x": 44,
						"y": 66,
						"w": 51,
						"h": 62
					},
					"frame": {
						"x": 75,
						"y": 1242,
						"w": 51,
						"h": 62
					}
				},
				{
					"filename": "disparar1",
					"rotated": false,
					"trimmed": true,
					"sourceSize": {
						"w": 128,
						"h": 128
					},
					"spriteSourceSize": {
						"x": 44,
						"y": 66,
						"w": 48,
						"h": 62
					},
					"frame": {
						"x": 98,
						"y": 1176,
						"w": 48,
						"h": 62
					}
				},
				{
					"filename": "inactivo1",
					"rotated": false,
					"trimmed": true,
					"sourceSize": {
						"w": 128,
						"h": 128
					},
					"spriteSourceSize": {
						"x": 43,
						"y": 66,
						"w": 47,
						"h": 62
					},
					"frame": {
						"x": 146,
						"y": 1176,
						"w": 47,
						"h": 62
					}
				},
				{
					"filename": "inactivo2",
					"rotated": false,
					"trimmed": true,
					"sourceSize": {
						"w": 128,
						"h": 128
					},
					"spriteSourceSize": {
						"x": 43,
						"y": 66,
						"w": 47,
						"h": 62
					},
					"frame": {
						"x": 108,
						"y": 1083,
						"w": 47,
						"h": 62
					}
				},
				{
					"filename": "inactivo3",
					"rotated": false,
					"trimmed": true,
					"sourceSize": {
						"w": 128,
						"h": 128
					},
					"spriteSourceSize": {
						"x": 43,
						"y": 66,
						"w": 47,
						"h": 62
					},
					"frame": {
						"x": 155,
						"y": 1083,
						"w": 47,
						"h": 62
					}
				},
				{
					"filename": "curar3",
					"rotated": false,
					"trimmed": true,
					"sourceSize": {
						"w": 128,
						"h": 128
					},
					"spriteSourceSize": {
						"x": 44,
						"y": 66,
						"w": 38,
						"h": 62
					},
					"frame": {
						"x": 84,
						"y": 734,
						"w": 38,
						"h": 62
					}
				},
				{
					"filename": "curar1",
					"rotated": false,
					"trimmed": true,
					"sourceSize": {
						"w": 128,
						"h": 128
					},
					"spriteSourceSize": {
						"x": 44,
						"y": 66,
						"w": 32,
						"h": 62
					},
					"frame": {
						"x": 107,
						"y": 656,
						"w": 32,
						"h": 62
					}
				},
				{
					"filename": "curar2",
					"rotated": false,
					"trimmed": true,
					"sourceSize": {
						"w": 128,
						"h": 128
					},
					"spriteSourceSize": {
						"x": 44,
						"y": 66,
						"w": 32,
						"h": 62
					},
					"frame": {
						"x": 122,
						"y": 578,
						"w": 32,
						"h": 62
					}
				},
				{
					"filename": "correr1",
					"rotated": false,
					"trimmed": true,
					"sourceSize": {
						"w": 128,
						"h": 128
					},
					"spriteSourceSize": {
						"x": 46,
						"y": 67,
						"w": 35,
						"h": 61
					},
					"frame": {
						"x": 143,
						"y": 478,
						"w": 35,
						"h": 61
					}
				},
				{
					"filename": "correr7",
					"rotated": false,
					"trimmed": true,
					"sourceSize": {
						"w": 128,
						"h": 128
					},
					"spriteSourceSize": {
						"x": 49,
						"y": 67,
						"w": 32,
						"h": 61
					},
					"frame": {
						"x": 158,
						"y": 370,
						"w": 32,
						"h": 61
					}
				},
				{
					"filename": "muerte3",
					"rotated": false,
					"trimmed": true,
					"sourceSize": {
						"w": 128,
						"h": 128
					},
					"spriteSourceSize": {
						"x": 13,
						"y": 82,
						"w": 62,
						"h": 46
					},
					"frame": {
						"x": 158,
						"y": 431,
						"w": 62,
						"h": 46
					}
				},
				{
					"filename": "correr2",
					"rotated": false,
					"trimmed": true,
					"sourceSize": {
						"w": 128,
						"h": 128
					},
					"spriteSourceSize": {
						"x": 55,
						"y": 67,
						"w": 26,
						"h": 61
					},
					"frame": {
						"x": 165,
						"y": 223,
						"w": 26,
						"h": 61
					}
				},
				{
					"filename": "correr8",
					"rotated": false,
					"trimmed": true,
					"sourceSize": {
						"w": 128,
						"h": 128
					},
					"spriteSourceSize": {
						"x": 40,
						"y": 68,
						"w": 42,
						"h": 60
					},
					"frame": {
						"x": 165,
						"y": 284,
						"w": 42,
						"h": 60
					}
				},
				{
					"filename": "correr3",
					"rotated": false,
					"trimmed": true,
					"sourceSize": {
						"w": 128,
						"h": 128
					},
					"spriteSourceSize": {
						"x": 49,
						"y": 68,
						"w": 32,
						"h": 60
					},
					"frame": {
						"x": 190,
						"y": 344,
						"w": 32,
						"h": 60
					}
				},
				{
					"filename": "correr6",
					"rotated": false,
					"trimmed": true,
					"sourceSize": {
						"w": 128,
						"h": 128
					},
					"spriteSourceSize": {
						"x": 54,
						"y": 68,
						"w": 27,
						"h": 60
					},
					"frame": {
						"x": 166,
						"y": 113,
						"w": 27,
						"h": 60
					}
				},
				{
					"filename": "correr4",
					"rotated": false,
					"trimmed": true,
					"sourceSize": {
						"w": 128,
						"h": 128
					},
					"spriteSourceSize": {
						"x": 43,
						"y": 69,
						"w": 40,
						"h": 59
					},
					"frame": {
						"x": 191,
						"y": 173,
						"w": 40,
						"h": 59
					}
				},
				{
					"filename": "correr5",
					"rotated": false,
					"trimmed": true,
					"sourceSize": {
						"w": 128,
						"h": 128
					},
					"spriteSourceSize": {
						"x": 47,
						"y": 69,
						"w": 34,
						"h": 59
					},
					"frame": {
						"x": 207,
						"y": 232,
						"w": 34,
						"h": 59
					}
				},
				{
					"filename": "inactivo9",
					"rotated": false,
					"trimmed": true,
					"sourceSize": {
						"w": 128,
						"h": 128
					},
					"spriteSourceSize": {
						"x": 43,
						"y": 66,
						"w": 47,
						"h": 62
					},
					"frame": {
						"x": 146,
						"y": 1176,
						"w": 47,
						"h": 62
					}
				},
				{
					"filename": "inactivo8",
					"rotated": false,
					"trimmed": true,
					"sourceSize": {
						"w": 128,
						"h": 128
					},
					"spriteSourceSize": {
						"x": 43,
						"y": 66,
						"w": 47,
						"h": 62
					},
					"frame": {
						"x": 108,
						"y": 1083,
						"w": 47,
						"h": 62
					}
				},
				{
					"filename": "inactivo7",
					"rotated": false,
					"trimmed": true,
					"sourceSize": {
						"w": 128,
						"h": 128
					},
					"spriteSourceSize": {
						"x": 43,
						"y": 66,
						"w": 47,
						"h": 62
					},
					"frame": {
						"x": 155,
						"y": 1083,
						"w": 47,
						"h": 62
					}
				},
				{
					"filename": "inactivo6",
					"rotated": false,
					"trimmed": true,
					"sourceSize": {
						"w": 128,
						"h": 128
					},
					"spriteSourceSize": {
						"x": 43,
						"y": 65,
						"w": 47,
						"h": 63
					},
					"frame": {
						"x": 28,
						"y": 1271,
						"w": 47,
						"h": 63
					}
				}
			]
		}
	],
	"meta": {
		"app": "http://free-tex-packer.com",
		"version": "0.6.7"
	}
}