{
	"textures": [
		{
			"image": "Soldado",
			"format": "RGBA8888",
			"size": {
				"w": 747,
				"h": 2018
			},
			"scale": 1,
			"frames": [
				{
					"filename": "humo8",
					"rotated": false,
					"trimmed": true,
					"sourceSize": {
						"w": 191,
						"h": 235
					},
					"spriteSourceSize": {
						"x": 0,
						"y": 0,
						"w": 191,
						"h": 230
					},
					"frame": {
						"x": 0,
						"y": 0,
						"w": 191,
						"h": 230
					}
				},
				{
					"filename": "humo7",
					"rotated": false,
					"trimmed": true,
					"sourceSize": {
						"w": 158,
						"h": 233
					},
					"spriteSourceSize": {
						"x": 5,
						"y": 6,
						"w": 153,
						"h": 223
					},
					"frame": {
						"x": 0,
						"y": 230,
						"w": 153,
						"h": 223
					}
				},
				{
					"filename": "humo6",
					"rotated": false,
					"trimmed": true,
					"sourceSize": {
						"w": 158,
						"h": 233
					},
					"spriteSourceSize": {
						"x": 0,
						"y": 9,
						"w": 157,
						"h": 221
					},
					"frame": {
						"x": 0,
						"y": 453,
						"w": 157,
						"h": 221
					}
				},
				{
					"filename": "humo5",
					"rotated": false,
					"trimmed": true,
					"sourceSize": {
						"w": 136,
						"h": 235
					},
					"spriteSourceSize": {
						"x": 1,
						"y": 24,
						"w": 132,
						"h": 207
					},
					"frame": {
						"x": 153,
						"y": 230,
						"w": 132,
						"h": 207
					}
				},
				{
					"filename": "Recarga4",
					"rotated": false,
					"trimmed": true,
					"sourceSize": {
						"w": 149,
						"h": 161
					},
					"spriteSourceSize": {
						"x": 41,
						"y": 0,
						"w": 77,
						"h": 161
					},
					"frame": {
						"x": 191,
						"y": 0,
						"w": 77,
						"h": 161
					}
				},
				{
					"filename": "jump5",
					"rotated": false,
					"trimmed": true,
					"sourceSize": {
						"w": 123,
						"h": 140
					},
					"spriteSourceSize": {
						"x": 11,
						"y": 81,
						"w": 109,
						"h": 59
					},
					"frame": {
						"x": 191,
						"y": 161,
						"w": 109,
						"h": 59
					}
				},
				{
					"filename": "Recarga2",
					"rotated": false,
					"trimmed": true,
					"sourceSize": {
						"w": 149,
						"h": 161
					},
					"spriteSourceSize": {
						"x": 50,
						"y": 0,
						"w": 58,
						"h": 161
					},
					"frame": {
						"x": 268,
						"y": 0,
						"w": 58,
						"h": 161
					}
				},
				{
					"filename": "Recarga5",
					"rotated": false,
					"trimmed": true,
					"sourceSize": {
						"w": 149,
						"h": 161
					},
					"spriteSourceSize": {
						"x": 58,
						"y": 0,
						"w": 57,
						"h": 161
					},
					"frame": {
						"x": 0,
						"y": 674,
						"w": 57,
						"h": 161
					}
				},
				{
					"filename": "Recarga7",
					"rotated": false,
					"trimmed": true,
					"sourceSize": {
						"w": 149,
						"h": 161
					},
					"spriteSourceSize": {
						"x": 53,
						"y": 0,
						"w": 57,
						"h": 161
					},
					"frame": {
						"x": 0,
						"y": 835,
						"w": 57,
						"h": 161
					}
				},
				{
					"filename": "Recarga3",
					"rotated": false,
					"trimmed": true,
					"sourceSize": {
						"w": 149,
						"h": 161
					},
					"spriteSourceSize": {
						"x": 52,
						"y": 0,
						"w": 56,
						"h": 161
					},
					"frame": {
						"x": 0,
						"y": 996,
						"w": 56,
						"h": 161
					}
				},
				{
					"filename": "Recarga6",
					"rotated": false,
					"trimmed": true,
					"sourceSize": {
						"w": 149,
						"h": 161
					},
					"spriteSourceSize": {
						"x": 44,
						"y": 0,
						"w": 56,
						"h": 161
					},
					"frame": {
						"x": 0,
						"y": 1157,
						"w": 56,
						"h": 161
					}
				},
				{
					"filename": "dod2",
					"rotated": false,
					"trimmed": true,
					"sourceSize": {
						"w": 144,
						"h": 148
					},
					"spriteSourceSize": {
						"x": 0,
						"y": 0,
						"w": 134,
						"h": 148
					},
					"frame": {
						"x": 0,
						"y": 1318,
						"w": 134,
						"h": 148
					}
				},
				{
					"filename": "granada9",
					"rotated": false,
					"trimmed": true,
					"sourceSize": {
						"w": 131,
						"h": 148
					},
					"spriteSourceSize": {
						"x": 10,
						"y": 0,
						"w": 113,
						"h": 148
					},
					"frame": {
						"x": 56,
						"y": 996,
						"w": 113,
						"h": 148
					}
				},
				{
					"filename": "granada6",
					"rotated": false,
					"trimmed": true,
					"sourceSize": {
						"w": 131,
						"h": 148
					},
					"spriteSourceSize": {
						"x": 28,
						"y": 0,
						"w": 80,
						"h": 148
					},
					"frame": {
						"x": 56,
						"y": 1144,
						"w": 80,
						"h": 148
					}
				},
				{
					"filename": "granada8",
					"rotated": false,
					"trimmed": true,
					"sourceSize": {
						"w": 131,
						"h": 148
					},
					"spriteSourceSize": {
						"x": 40,
						"y": 0,
						"w": 74,
						"h": 148
					},
					"frame": {
						"x": 57,
						"y": 674,
						"w": 74,
						"h": 148
					}
				},
				{
					"filename": "granada5",
					"rotated": false,
					"trimmed": true,
					"sourceSize": {
						"w": 131,
						"h": 148
					},
					"spriteSourceSize": {
						"x": 28,
						"y": 0,
						"w": 70,
						"h": 148
					},
					"frame": {
						"x": 57,
						"y": 822,
						"w": 70,
						"h": 148
					}
				},
				{
					"filename": "granada1",
					"rotated": false,
					"trimmed": true,
					"sourceSize": {
						"w": 131,
						"h": 148
					},
					"spriteSourceSize": {
						"x": 10,
						"y": 0,
						"w": 66,
						"h": 148
					},
					"frame": {
						"x": 127,
						"y": 822,
						"w": 66,
						"h": 148
					}
				},
				{
					"filename": "granada2",
					"rotated": false,
					"trimmed": true,
					"sourceSize": {
						"w": 131,
						"h": 148
					},
					"spriteSourceSize": {
						"x": 28,
						"y": 0,
						"w": 66,
						"h": 148
					},
					"frame": {
						"x": 131,
						"y": 674,
						"w": 66,
						"h": 148
					}
				},
				{
					"filename": "granada4",
					"rotated": false,
					"trimmed": true,
					"sourceSize": {
						"w": 131,
						"h": 148
					},
					"spriteSourceSize": {
						"x": 28,
						"y": 0,
						"w": 66,
						"h": 148
					},
					"frame": {
						"x": 193,
						"y": 437,
						"w": 66,
						"h": 148
					}
				},
				{
					"filename": "jump4",
					"rotated": false,
					"trimmed": true,
					"sourceSize": {
						"w": 123,
						"h": 140
					},
					"spriteSourceSize": {
						"x": 20,
						"y": 56,
						"w": 94,
						"h": 84
					},
					"frame": {
						"x": 193,
						"y": 585,
						"w": 94,
						"h": 84
					}
				},
				{
					"filename": "granada3",
					"rotated": false,
					"trimmed": true,
					"sourceSize": {
						"w": 131,
						"h": 148
					},
					"spriteSourceSize": {
						"x": 37,
						"y": 0,
						"w": 64,
						"h": 148
					},
					"frame": {
						"x": 259,
						"y": 437,
						"w": 64,
						"h": 148
					}
				},
				{
					"filename": "humo4",
					"rotated": false,
					"trimmed": true,
					"sourceSize": {
						"w": 136,
						"h": 235
					},
					"spriteSourceSize": {
						"x": 24,
						"y": 86,
						"w": 98,
						"h": 145
					},
					"frame": {
						"x": 285,
						"y": 220,
						"w": 98,
						"h": 145
					}
				},
				{
					"filename": "dead4",
					"rotated": false,
					"trimmed": true,
					"sourceSize": {
						"w": 173,
						"h": 143
					},
					"spriteSourceSize": {
						"x": 3,
						"y": 95,
						"w": 169,
						"h": 47
					},
					"frame": {
						"x": 300,
						"y": 161,
						"w": 169,
						"h": 47
					}
				},
				{
					"filename": "dead1",
					"rotated": false,
					"trimmed": true,
					"sourceSize": {
						"w": 153,
						"h": 143
					},
					"spriteSourceSize": {
						"x": 31,
						"y": 0,
						"w": 95,
						"h": 143
					},
					"frame": {
						"x": 383,
						"y": 0,
						"w": 95,
						"h": 143
					}
				},
				{
					"filename": "dod5",
					"rotated": false,
					"trimmed": true,
					"sourceSize": {
						"w": 205,
						"h": 148
					},
					"spriteSourceSize": {
						"x": 5,
						"y": 121,
						"w": 189,
						"h": 27
					},
					"frame": {
						"x": 285,
						"y": 365,
						"w": 189,
						"h": 27
					}
				},
				{
					"filename": "dead2",
					"rotated": false,
					"trimmed": true,
					"sourceSize": {
						"w": 153,
						"h": 143
					},
					"spriteSourceSize": {
						"x": 28,
						"y": 0,
						"w": 96,
						"h": 142
					},
					"frame": {
						"x": 383,
						"y": 208,
						"w": 96,
						"h": 142
					}
				},
				{
					"filename": "dod1",
					"rotated": false,
					"trimmed": true,
					"sourceSize": {
						"w": 144,
						"h": 148
					},
					"spriteSourceSize": {
						"x": 5,
						"y": 7,
						"w": 98,
						"h": 141
					},
					"frame": {
						"x": 478,
						"y": 0,
						"w": 98,
						"h": 141
					}
				},
				{
					"filename": "Recarga1",
					"rotated": false,
					"trimmed": true,
					"sourceSize": {
						"w": 149,
						"h": 161
					},
					"spriteSourceSize": {
						"x": 22,
						"y": 20,
						"w": 81,
						"h": 141
					},
					"frame": {
						"x": 0,
						"y": 1466,
						"w": 81,
						"h": 141
					}
				},
				{
					"filename": "move4",
					"rotated": false,
					"trimmed": true,
					"sourceSize": {
						"w": 131,
						"h": 137
					},
					"spriteSourceSize": {
						"x": 38,
						"y": 0,
						"w": 77,
						"h": 137
					},
					"frame": {
						"x": 0,
						"y": 1607,
						"w": 77,
						"h": 137
					}
				},
				{
					"filename": "move5",
					"rotated": false,
					"trimmed": true,
					"sourceSize": {
						"w": 131,
						"h": 137
					},
					"spriteSourceSize": {
						"x": 42,
						"y": 0,
						"w": 75,
						"h": 137
					},
					"frame": {
						"x": 0,
						"y": 1744,
						"w": 75,
						"h": 137
					}
				},
				{
					"filename": "move2",
					"rotated": false,
					"trimmed": true,
					"sourceSize": {
						"w": 131,
						"h": 137
					},
					"spriteSourceSize": {
						"x": 35,
						"y": 0,
						"w": 72,
						"h": 137
					},
					"frame": {
						"x": 0,
						"y": 1881,
						"w": 72,
						"h": 137
					}
				},
				{
					"filename": "move1",
					"rotated": false,
					"trimmed": true,
					"sourceSize": {
						"w": 131,
						"h": 137
					},
					"spriteSourceSize": {
						"x": 24,
						"y": 0,
						"w": 70,
						"h": 137
					},
					"frame": {
						"x": 72,
						"y": 1881,
						"w": 70,
						"h": 137
					}
				},
				{
					"filename": "shot3",
					"rotated": false,
					"trimmed": true,
					"sourceSize": {
						"w": 164,
						"h": 135
					},
					"spriteSourceSize": {
						"x": 20,
						"y": 0,
						"w": 133,
						"h": 135
					},
					"frame": {
						"x": 75,
						"y": 1744,
						"w": 133,
						"h": 135
					}
				},
				{
					"filename": "idle7",
					"rotated": false,
					"trimmed": true,
					"sourceSize": {
						"w": 126,
						"h": 135
					},
					"spriteSourceSize": {
						"x": 16,
						"y": 0,
						"w": 101,
						"h": 135
					},
					"frame": {
						"x": 77,
						"y": 1607,
						"w": 101,
						"h": 135
					}
				},
				{
					"filename": "idle6",
					"rotated": false,
					"trimmed": true,
					"sourceSize": {
						"w": 126,
						"h": 135
					},
					"spriteSourceSize": {
						"x": 17,
						"y": 0,
						"w": 100,
						"h": 135
					},
					"frame": {
						"x": 178,
						"y": 1607,
						"w": 100,
						"h": 135
					}
				},
				{
					"filename": "idle5",
					"rotated": false,
					"trimmed": true,
					"sourceSize": {
						"w": 126,
						"h": 135
					},
					"spriteSourceSize": {
						"x": 22,
						"y": 0,
						"w": 99,
						"h": 135
					},
					"frame": {
						"x": 81,
						"y": 1466,
						"w": 99,
						"h": 135
					}
				},
				{
					"filename": "idle1",
					"rotated": false,
					"trimmed": true,
					"sourceSize": {
						"w": 126,
						"h": 135
					},
					"spriteSourceSize": {
						"x": 12,
						"y": 0,
						"w": 98,
						"h": 135
					},
					"frame": {
						"x": 142,
						"y": 1879,
						"w": 98,
						"h": 135
					}
				},
				{
					"filename": "idle3",
					"rotated": false,
					"trimmed": true,
					"sourceSize": {
						"w": 126,
						"h": 135
					},
					"spriteSourceSize": {
						"x": 18,
						"y": 0,
						"w": 98,
						"h": 135
					},
					"frame": {
						"x": 208,
						"y": 1742,
						"w": 98,
						"h": 135
					}
				},
				{
					"filename": "idle2",
					"rotated": false,
					"trimmed": true,
					"sourceSize": {
						"w": 126,
						"h": 135
					},
					"spriteSourceSize": {
						"x": 22,
						"y": 0,
						"w": 97,
						"h": 135
					},
					"frame": {
						"x": 240,
						"y": 1877,
						"w": 97,
						"h": 135
					}
				},
				{
					"filename": "idle4",
					"rotated": false,
					"trimmed": true,
					"sourceSize": {
						"w": 126,
						"h": 135
					},
					"spriteSourceSize": {
						"x": 20,
						"y": 0,
						"w": 97,
						"h": 135
					},
					"frame": {
						"x": 134,
						"y": 1292,
						"w": 97,
						"h": 135
					}
				},
				{
					"filename": "shot2",
					"rotated": false,
					"trimmed": true,
					"sourceSize": {
						"w": 164,
						"h": 135
					},
					"spriteSourceSize": {
						"x": 34,
						"y": 0,
						"w": 113,
						"h": 134
					},
					"frame": {
						"x": 136,
						"y": 1144,
						"w": 113,
						"h": 134
					}
				},
				{
					"filename": "shot1",
					"rotated": false,
					"trimmed": true,
					"sourceSize": {
						"w": 164,
						"h": 135
					},
					"spriteSourceSize": {
						"x": 19,
						"y": 0,
						"w": 103,
						"h": 134
					},
					"frame": {
						"x": 169,
						"y": 970,
						"w": 103,
						"h": 134
					}
				},
				{
					"filename": "move3",
					"rotated": false,
					"trimmed": true,
					"sourceSize": {
						"w": 131,
						"h": 137
					},
					"spriteSourceSize": {
						"x": 37,
						"y": 3,
						"w": 79,
						"h": 134
					},
					"frame": {
						"x": 249,
						"y": 822,
						"w": 79,
						"h": 134
					}
				},
				{
					"filename": "move6",
					"rotated": false,
					"trimmed": true,
					"sourceSize": {
						"w": 131,
						"h": 137
					},
					"spriteSourceSize": {
						"x": 36,
						"y": 3,
						"w": 77,
						"h": 134
					},
					"frame": {
						"x": 197,
						"y": 669,
						"w": 77,
						"h": 134
					}
				},
				{
					"filename": "move7",
					"rotated": false,
					"trimmed": true,
					"sourceSize": {
						"w": 131,
						"h": 137
					},
					"spriteSourceSize": {
						"x": 40,
						"y": 3,
						"w": 76,
						"h": 134
					},
					"frame": {
						"x": 274,
						"y": 669,
						"w": 76,
						"h": 134
					}
				},
				{
					"filename": "shot4",
					"rotated": false,
					"trimmed": true,
					"sourceSize": {
						"w": 164,
						"h": 135
					},
					"spriteSourceSize": {
						"x": 22,
						"y": 0,
						"w": 133,
						"h": 133
					},
					"frame": {
						"x": 350,
						"y": 669,
						"w": 133,
						"h": 133
					}
				},
				{
					"filename": "shut3",
					"rotated": false,
					"trimmed": true,
					"sourceSize": {
						"w": 172,
						"h": 135
					},
					"spriteSourceSize": {
						"x": 28,
						"y": 1,
						"w": 132,
						"h": 133
					},
					"frame": {
						"x": 180,
						"y": 1427,
						"w": 132,
						"h": 133
					}
				},
				{
					"filename": "humo2",
					"rotated": false,
					"trimmed": true,
					"sourceSize": {
						"w": 136,
						"h": 235
					},
					"spriteSourceSize": {
						"x": 24,
						"y": 100,
						"w": 70,
						"h": 133
					},
					"frame": {
						"x": 231,
						"y": 1278,
						"w": 70,
						"h": 133
					}
				},
				{
					"filename": "shut4",
					"rotated": false,
					"trimmed": true,
					"sourceSize": {
						"w": 172,
						"h": 135
					},
					"spriteSourceSize": {
						"x": 19,
						"y": 1,
						"w": 131,
						"h": 132
					},
					"frame": {
						"x": 249,
						"y": 1104,
						"w": 131,
						"h": 132
					}
				},
				{
					"filename": "shut2",
					"rotated": false,
					"trimmed": true,
					"sourceSize": {
						"w": 172,
						"h": 135
					},
					"spriteSourceSize": {
						"x": 26,
						"y": 1,
						"w": 116,
						"h": 132
					},
					"frame": {
						"x": 301,
						"y": 956,
						"w": 116,
						"h": 132
					}
				},
				{
					"filename": "shut1",
					"rotated": false,
					"trimmed": true,
					"sourceSize": {
						"w": 172,
						"h": 135
					},
					"spriteSourceSize": {
						"x": 25,
						"y": 1,
						"w": 106,
						"h": 132
					},
					"frame": {
						"x": 337,
						"y": 803,
						"w": 106,
						"h": 132
					}
				},
				{
					"filename": "humo3",
					"rotated": false,
					"trimmed": true,
					"sourceSize": {
						"w": 136,
						"h": 235
					},
					"spriteSourceSize": {
						"x": 19,
						"y": 101,
						"w": 82,
						"h": 132
					},
					"frame": {
						"x": 417,
						"y": 935,
						"w": 82,
						"h": 132
					}
				},
				{
					"filename": "humo1",
					"rotated": false,
					"trimmed": true,
					"sourceSize": {
						"w": 136,
						"h": 235
					},
					"spriteSourceSize": {
						"x": 10,
						"y": 100,
						"w": 69,
						"h": 132
					},
					"frame": {
						"x": 443,
						"y": 803,
						"w": 69,
						"h": 132
					}
				},
				{
					"filename": "jump1",
					"rotated": false,
					"trimmed": true,
					"sourceSize": {
						"w": 123,
						"h": 140
					},
					"spriteSourceSize": {
						"x": 19,
						"y": 10,
						"w": 65,
						"h": 130
					},
					"frame": {
						"x": 512,
						"y": 802,
						"w": 65,
						"h": 130
					}
				},
				{
					"filename": "run5",
					"rotated": false,
					"trimmed": true,
					"sourceSize": {
						"w": 132,
						"h": 135
					},
					"spriteSourceSize": {
						"x": 28,
						"y": 6,
						"w": 71,
						"h": 129
					},
					"frame": {
						"x": 278,
						"y": 1560,
						"w": 71,
						"h": 129
					}
				},
				{
					"filename": "run7",
					"rotated": false,
					"trimmed": true,
					"sourceSize": {
						"w": 132,
						"h": 135
					},
					"spriteSourceSize": {
						"x": 23,
						"y": 11,
						"w": 91,
						"h": 124
					},
					"frame": {
						"x": 312,
						"y": 1689,
						"w": 91,
						"h": 124
					}
				},
				{
					"filename": "run6",
					"rotated": false,
					"trimmed": true,
					"sourceSize": {
						"w": 132,
						"h": 135
					},
					"spriteSourceSize": {
						"x": 20,
						"y": 11,
						"w": 89,
						"h": 124
					},
					"frame": {
						"x": 301,
						"y": 1236,
						"w": 89,
						"h": 124
					}
				},
				{
					"filename": "run3",
					"rotated": false,
					"trimmed": true,
					"sourceSize": {
						"w": 132,
						"h": 135
					},
					"spriteSourceSize": {
						"x": 8,
						"y": 11,
						"w": 88,
						"h": 124
					},
					"frame": {
						"x": 380,
						"y": 1088,
						"w": 88,
						"h": 124
					}
				},
				{
					"filename": "run8",
					"rotated": false,
					"trimmed": true,
					"sourceSize": {
						"w": 132,
						"h": 135
					},
					"spriteSourceSize": {
						"x": 30,
						"y": 11,
						"w": 82,
						"h": 124
					},
					"frame": {
						"x": 312,
						"y": 1360,
						"w": 82,
						"h": 124
					}
				},
				{
					"filename": "run1",
					"rotated": false,
					"trimmed": true,
					"sourceSize": {
						"w": 132,
						"h": 135
					},
					"spriteSourceSize": {
						"x": 0,
						"y": 11,
						"w": 80,
						"h": 124
					},
					"frame": {
						"x": 390,
						"y": 1212,
						"w": 80,
						"h": 124
					}
				},
				{
					"filename": "run4",
					"rotated": false,
					"trimmed": true,
					"sourceSize": {
						"w": 132,
						"h": 135
					},
					"spriteSourceSize": {
						"x": 22,
						"y": 12,
						"w": 84,
						"h": 123
					},
					"frame": {
						"x": 468,
						"y": 1067,
						"w": 84,
						"h": 123
					}
				},
				{
					"filename": "run2",
					"rotated": false,
					"trimmed": true,
					"sourceSize": {
						"w": 132,
						"h": 135
					},
					"spriteSourceSize": {
						"x": 25,
						"y": 12,
						"w": 81,
						"h": 123
					},
					"frame": {
						"x": 499,
						"y": 935,
						"w": 81,
						"h": 123
					}
				},
				{
					"filename": "shet3",
					"rotated": false,
					"trimmed": true,
					"sourceSize": {
						"w": 143,
						"h": 137
					},
					"spriteSourceSize": {
						"x": 22,
						"y": 13,
						"w": 117,
						"h": 112
					},
					"frame": {
						"x": 349,
						"y": 1484,
						"w": 117,
						"h": 112
					}
				},
				{
					"filename": "jump3",
					"rotated": false,
					"trimmed": true,
					"sourceSize": {
						"w": 123,
						"h": 140
					},
					"spriteSourceSize": {
						"x": 8,
						"y": 48,
						"w": 87,
						"h": 92
					},
					"frame": {
						"x": 394,
						"y": 1596,
						"w": 87,
						"h": 92
					}
				},
				{
					"filename": "shet1",
					"rotated": false,
					"trimmed": true,
					"sourceSize": {
						"w": 143,
						"h": 137
					},
					"spriteSourceSize": {
						"x": 13,
						"y": 13,
						"w": 82,
						"h": 112
					},
					"frame": {
						"x": 394,
						"y": 1336,
						"w": 82,
						"h": 112
					}
				},
				{
					"filename": "shet4",
					"rotated": false,
					"trimmed": true,
					"sourceSize": {
						"w": 143,
						"h": 137
					},
					"spriteSourceSize": {
						"x": 9,
						"y": 14,
						"w": 133,
						"h": 111
					},
					"frame": {
						"x": 470,
						"y": 1190,
						"w": 133,
						"h": 111
					}
				},
				{
					"filename": "dod3",
					"rotated": false,
					"trimmed": true,
					"sourceSize": {
						"w": 144,
						"h": 148
					},
					"spriteSourceSize": {
						"x": 5,
						"y": 37,
						"w": 117,
						"h": 111
					},
					"frame": {
						"x": 552,
						"y": 1058,
						"w": 117,
						"h": 111
					}
				},
				{
					"filename": "shet2",
					"rotated": false,
					"trimmed": true,
					"sourceSize": {
						"w": 143,
						"h": 137
					},
					"spriteSourceSize": {
						"x": 26,
						"y": 14,
						"w": 90,
						"h": 111
					},
					"frame": {
						"x": 466,
						"y": 1448,
						"w": 90,
						"h": 111
					}
				},
				{
					"filename": "dead3",
					"rotated": false,
					"trimmed": true,
					"sourceSize": {
						"w": 153,
						"h": 143
					},
					"spriteSourceSize": {
						"x": 10,
						"y": 38,
						"w": 130,
						"h": 103
					},
					"frame": {
						"x": 481,
						"y": 1301,
						"w": 130,
						"h": 103
					}
				},
				{
					"filename": "dod4",
					"rotated": false,
					"trimmed": true,
					"sourceSize": {
						"w": 144,
						"h": 148
					},
					"spriteSourceSize": {
						"x": 0,
						"y": 46,
						"w": 144,
						"h": 102
					},
					"frame": {
						"x": 603,
						"y": 1169,
						"w": 144,
						"h": 102
					}
				},
				{
					"filename": "jump6",
					"rotated": false,
					"trimmed": true,
					"sourceSize": {
						"w": 123,
						"h": 140
					},
					"spriteSourceSize": {
						"x": 31,
						"y": 48,
						"w": 69,
						"h": 92
					},
					"frame": {
						"x": 337,
						"y": 1813,
						"w": 69,
						"h": 92
					}
				},
				{
					"filename": "jump2",
					"rotated": false,
					"trimmed": true,
					"sourceSize": {
						"w": 123,
						"h": 140
					},
					"spriteSourceSize": {
						"x": 15,
						"y": 49,
						"w": 100,
						"h": 91
					},
					"frame": {
						"x": 403,
						"y": 1688,
						"w": 100,
						"h": 91
					}
				}
			]
		}
	],
	"meta": {
		"app": "http://free-tex-packer.com",
		"version": "0.6.7"
	}
}